id,uempmean,uempmed
mean,17.60961,8.7229643
mean,.31225556,.16138938
mean,40.700001,25.200001
mean,7.5999999,4
